{"harmonic energy": 0.009171159475899584, "harmonic force": [[0.0, 0.0, 0.0], [0.0, 0.0, 0.0], [0.0, 0.0, 0.0], [0.0, 0.0, 0.0], [0.0, 0.0, 0.0], [0.0, 0.0, 0.0], [0.0, 0.0, 0.0], [0.0, 0.0, 0.0], [0.0, 0.0, 0.0], [0.0, 0.0, 0.0], [0.0, 0.0, 0.0], [0.0, 0.0, 0.0], [0.0, 0.0, 0.0], [0.0, 0.0, 0.0], [0.0, 0.0, 0.0], [0.0, 0.0, 0.0], [0.0, 0.0, 0.0], [0.0, 0.0, 0.0], [0.0, 0.0, 0.0], [0.0, 0.0, 0.0], [0.0, 0.0, 0.0], [0.0, 0.0, 0.0], [0.0, 0.0, 0.0], [0.0, 0.0, 0.0], [0.0, 0.0, 0.0], [0.0, 0.0, 0.0], [0.0, 0.0, 0.0], [0.12299390004922986, 0.16204093740426573, 0.560259245574716], [0.10648433612531952, 0.5338168629284711, -0.28133240022946826], [0.0, 0.0, 0.0], [-1.6097241551004648, 0.582163246951913, -0.5530776118640914]], "atom_bond_potentials": [{"ind1": 27, "ind2": 28, "k": 100.0, "deq": 1.3160413739450587}, {"ind1": 30, "ind2": 28, "k": 100.0, "deq": 1.16389266509662}], "site_bond_potentials": [{"ind": 27, "site_pos": [6.36974995, 3.00272904, 13.559282300752379], "k": 100.0, "deq": 0.0}, {"ind": 30, "site_pos": [7.07749999, 4.00363865, 12.805394663960305], "k": 100.0, "deq": 0.0}], "molecule_to_atom_maps": [{"0": 0, "1": 1, "2": 2}, {"0": 0}], "ase_to_mol_num": {"30": 1, "27": 0, "28": 0, "29": 0}}