{"harmonic energy": 0.055735135230075575, "harmonic force": [[0.0, 0.0, 0.0], [0.0, 0.0, 0.0], [0.0, 0.0, 0.0], [0.0, 0.0, 0.0], [0.0, 0.0, 0.0], [0.0, 0.0, 0.0], [0.0, 0.0, 0.0], [0.0, 0.0, 0.0], [0.0, 0.0, 0.0], [0.0, 0.0, 0.0], [0.0, 0.0, 0.0], [0.0, 0.0, 0.0], [0.0, 0.0, 0.0], [0.0, 0.0, 0.0], [0.0, 0.0, 0.0], [0.0, 0.0, 0.0], [0.0, 0.0, 0.0], [0.0, 0.0, 0.0], [0.0, 0.0, 0.0], [0.0, 0.0, 0.0], [0.0, 0.0, 0.0], [0.0, 0.0, 0.0], [0.0, 0.0, 0.0], [0.0, 0.0, 0.0], [0.0, 0.0, 0.0], [0.0, 0.0, 0.0], [0.0, 0.0, 0.0], [-0.8585611626202705, 0.20179726275472198, -0.4095736732556512], [0.2939666428979904, -1.95030092346862, 0.12346440349636757], [0.0, 0.0, 0.0], [-0.5306916819361163, 3.839243850136708, -0.020780041203504334]], "atom_bond_potentials": [{"ind1": 27, "ind2": 28, "k": 100.0, "deq": 1.3167568329727404}, {"ind1": 30, "ind2": 28, "k": 100.0, "deq": 1.16389266509662}], "site_bond_potentials": [{"ind": 27, "site_pos": [7.07749989, 2.00181941, 13.593926469923286], "k": 100.0, "deq": 0.0}, {"ind": 30, "site_pos": [7.07749996, 1.4e-07, 12.805394730968876], "k": 100.0, "deq": 0.0}], "molecule_to_atom_maps": [{"0": 0, "1": 1, "2": 2}, {"0": 0}], "ase_to_mol_num": {"30": 1, "27": 0, "28": 0, "29": 0}}