{"harmonic energy": 3.5497428811271634, "harmonic force": [[0.0, 0.0, 0.0], [0.0, 0.0, 0.0], [0.0, 0.0, 0.0], [0.0, 0.0, 0.0], [0.0, 0.0, 0.0], [0.0, 0.0, 0.0], [0.0, 0.0, 0.0], [0.0, 0.0, 0.0], [0.0, 0.0, 0.0], [0.0, 0.0, 0.0], [0.0, 0.0, 0.0], [0.0, 0.0, 0.0], [0.0, 0.0, 0.0], [0.0, 0.0, 0.0], [0.0, 0.0, 0.0], [0.0, 0.0, 0.0], [0.0, 0.0, 0.0], [0.0, 0.0, 0.0], [0.0, 0.0, 0.0], [0.0, 0.0, 0.0], [0.0, 0.0, 0.0], [0.0, 0.0, 0.0], [0.0, 0.0, 0.0], [0.0, 0.0, 0.0], [0.0, 0.0, 0.0], [0.0, 0.0, 0.0], [0.0, 0.0, 0.0], [-1.7409374819891852, 0.11389011584275575, 2.562037825254528], [1.3597439977149932, 0.0836729300108122, -0.5970907982974161], [0.0, 0.0, 0.0], [-0.529212567851431, 1.6592271420316809, -3.9980319820085906]], "atom_bond_potentials": [{"ind1": 27, "ind2": 28, "k": 100.0, "deq": 1.3160413739450587}, {"ind1": 30, "ind2": 28, "k": 100.0, "deq": 1.16389266509662}], "site_bond_potentials": [{"ind": 27, "site_pos": [6.36974995, 3.00272904, 13.559282300752379], "k": 100.0, "deq": 0.0}, {"ind": 30, "site_pos": [9.20074993, 3.002729, 13.205604480719199], "k": 100.0, "deq": 0.0}], "molecule_to_atom_maps": [{"0": 0, "1": 1, "2": 2}, {"0": 0}], "ase_to_mol_num": {"30": 1, "27": 0, "28": 0, "29": 0}}