{"harmonic energy": 0.33748108278791134, "harmonic force": [[0.0, 0.0, 0.0], [0.0, 0.0, 0.0], [0.0, 0.0, 0.0], [0.0, 0.0, 0.0], [0.0, 0.0, 0.0], [0.0, 0.0, 0.0], [0.0, 0.0, 0.0], [0.0, 0.0, 0.0], [0.0, 0.0, 0.0], [0.0, 0.0, 0.0], [0.0, 0.0, 0.0], [0.0, 0.0, 0.0], [0.0, 0.0, 0.0], [0.0, 0.0, 0.0], [0.0, 0.0, 0.0], [0.0, 0.0, 0.0], [0.0, 0.0, 0.0], [0.0, 0.0, 0.0], [0.0, 0.0, 0.0], [0.0, 0.0, 0.0], [0.0, 0.0, 0.0], [0.0, 0.0, 0.0], [0.0, 0.0, 0.0], [0.0, 0.0, 0.0], [0.0, 0.0, 0.0], [0.0, 0.0, 0.0], [0.0, 0.0, 0.0], [0.010016344207287364, 0.44638560512842407, 2.6303550501983803], [-1.7961422376055278, 2.4383092448884054, -1.3008804363758566], [0.0, 0.0, 0.0], [1.5800217213413221, -2.545951775846841, 3.1036821217622075]], "atom_bond_potentials": [{"ind1": 27, "ind2": 28, "k": 100.0, "deq": 1.3167568329727404}, {"ind1": 30, "ind2": 28, "k": 100.0, "deq": 1.16389266509662}], "site_bond_potentials": [{"ind": 27, "site_pos": [7.07749989, 2.00181941, 13.593926469923286], "k": 100.0, "deq": 0.0}, {"ind": 30, "site_pos": [-1.2e-07, 2e-07, 14.421263757060789], "k": 100.0, "deq": 0.0}], "molecule_to_atom_maps": [{"0": 0, "1": 1, "2": 2}, {"0": 0}], "ase_to_mol_num": {"30": 1, "27": 0, "28": 0, "29": 0}}