{"harmonic energy": 0.04828118115471148, "harmonic force": [[0.0, 0.0, 0.0], [0.0, 0.0, 0.0], [0.0, 0.0, 0.0], [0.0, 0.0, 0.0], [0.0, 0.0, 0.0], [0.0, 0.0, 0.0], [0.0, 0.0, 0.0], [0.0, 0.0, 0.0], [0.0, 0.0, 0.0], [0.0, 0.0, 0.0], [0.0, 0.0, 0.0], [0.0, 0.0, 0.0], [0.0, 0.0, 0.0], [0.0, 0.0, 0.0], [0.0, 0.0, 0.0], [0.0, 0.0, 0.0], [0.0, 0.0, 0.0], [0.0, 0.0, 0.0], [0.0, 0.0, 0.0], [0.0, 0.0, 0.0], [0.0, 0.0, 0.0], [0.0, 0.0, 0.0], [0.0, 0.0, 0.0], [0.0, 0.0, 0.0], [0.0, 0.0, 0.0], [0.0, 0.0, 0.0], [0.0, 0.0, 0.0], [0.12351988601136918, 0.06415419868076686, 2.167884633659341], [-1.7663531859904285, 2.7847512313997207, -0.5859747253168226], [0.0, 0.0, 0.0], [1.5798220449887732, -2.55405836542621, 2.2341173977723146]], "atom_bond_potentials": [{"ind1": 27, "ind2": 28, "k": 100.0, "deq": 1.315532740789633}, {"ind1": 30, "ind2": 28, "k": 100.0, "deq": 1.16389266509662}], "site_bond_potentials": [{"ind": 27, "site_pos": [5.66199994, 2.00181938, 13.632934352326377], "k": 100.0, "deq": 0.0}, {"ind": 30, "site_pos": [5.66200003, 8e-08, 14.421264085561363], "k": 100.0, "deq": 0.0}], "molecule_to_atom_maps": [{"0": 0, "1": 1, "2": 2}, {"0": 0}], "ase_to_mol_num": {"30": 1, "27": 0, "28": 0, "29": 0}}